elasticity,subsidy,gain,gain_se,kappa
0.3,1,0.03567961165048541,0.0011010685606421301,0.8315726042647311
0.3,2,0.06978155339805825,0.0016693424419808411,0.8494055566474721
0.3,3,0.10012135922330097,0.001669342441980841,0.8441728793640643
0.3,4,0.13216019417475725,0.0015093702331689196,0.8690894341475455
0.3,5,0.16189320388349512,0.0012951635575963105,0.8831754099532718
0.3,6,0.1885922330097087,0.0014316165595152654,0.8853345501512565
0.3,8,0.24029126213592233,0.0015147530769322054,0.8996572580523733
0.3,10,0.2865291262135923,0.0019566606041279584,0.9058505422155821
0.3,12,0.32876213592233006,0.002339201203798978,0.9092813558306844
0.5,1,0.05303398058252433,0.0010893904986833364,0.7691359046564212
0.5,2,0.1042475728155341,0.0020113591997458313,0.778015997619943
0.5,3,0.1553398058252427,0.0021851756072287596,0.7945538340088607
0.5,4,0.20473300970873792,0.002129663741438236,0.8062585673131304
0.5,5,0.25449029126213596,0.001986541016034682,0.8226145242247146
0.5,6,0.3019417475728156,0.0019797006262453278,0.8329644228956553
0.5,8,0.39393203883495165,0.0022210640019509806,0.8522921944221888
0.5,10,0.4792475728155341,0.002560681125234762,0.86312154950985
0.5,12,0.5611650485436894,0.0025974992390677214,0.8736974355500049
0.75,1,0.06589805825242727,0.0016260610518837593,0.6764909474258172
0.75,2,0.1315533980582524,0.0032592649239333664,0.6840344786481327
0.75,3,0.19793689320388352,0.0034616781467271818,0.6948131664987048
0.75,4,0.2677184466019418,0.0035221695581271854,0.7136674289533598
0.75,5,0.34138349514563116,0.0036184591057950416,0.7373021361584042
0.75,6,0.41468446601941755,0.0039776643153612455,0.7553996956084089
0.75,8,0.562135922330097,0.004209166463611178,0.7857193906927794
0.75,10,0.708859223300971,0.0036064426040142003,0.8095024570756866
0.75,12,0.8524271844660194,0.003971130520564992,0.8269708438110284
1.0,1,0.07330097087378638,0.002418225673909448,0.6025339805825247
1.0,2,0.14720873786407776,0.002700933394470011,0.6050279126213591
1.0,3,0.2263349514563107,0.00358228867730172,0.6201577669902921
1.0,4,0.3143203883495146,0.003606550071350493,0.6459283980582533
1.0,5,0.40424757281553403,0.0047689046741553,0.6645830097087382
1.0,6,0.495873786407767,0.0052090056130141334,0.6793470873786407
1.0,8,0.6947815533980584,0.005261642236531916,0.7138880461165048
1.0,10,0.9021844660194175,0.005969045588397559,0.7415956310679614
1.0,12,1.1140776699029127,0.005452997355569177,0.763143203883495
1.5,1,0.07645631067961164,0.0033293849080025923,0.46802077060867564
1.5,2,0.16080097087378642,0.004221946199634414,0.4830401744904722
1.5,3,0.2507281553398057,0.004851493783197334,0.4930481091264305
1.5,4,0.3535194174757281,0.0053097443171096995,0.5114131064421481
1.5,5,0.4740291262135921,0.005738636125017907,0.5373238427607341
1.5,6,0.6007281553398058,0.006078172297496585,0.5561515125220833
1.5,8,0.8865291262135923,0.005415553579955133,0.5912394353777382
1.5,10,1.2149271844660192,0.006271435205290668,0.6229473617534133
1.5,12,1.5841019417475728,0.005867340115703034,0.6512683325359169
2.0,1,0.08300970873786419,0.002627172342815446,0.41572612530632114
2.0,2,0.18070388349514574,0.003994000559851202,0.43754361413093434
2.0,3,0.2769417475728156,0.004422891108648655,0.4337665263217847
2.0,4,0.39247572815533993,0.0052681940324935585,0.44600300495579237
2.0,5,0.525242718446602,0.0055191241115164595,0.4613185371034721
2.0,6,0.6753640776699029,0.005762293477842809,0.4770893670623968
2.0,8,1.033252427184466,0.006921564650468173,0.5088403077197552
2.0,10,1.4839805825242718,0.008157955149174568,0.5420009668612018
2.0,12,1.999150485436893,0.00850385530597533,0.5663416954814323
3.0,1,0.08652912621359225,0.0026778751695786143,0.32386028675369705
3.0,2,0.1868932038834952,0.0029412238918267576,0.3330912848626584
3.0,3,0.29672330097087385,0.004373454055611225,0.336117526670978
3.0,4,0.43106796116504853,0.005993151522287483,0.34747418019248877
3.0,5,0.5802184466019417,0.006743157681774939,0.3551880186638213
3.0,6,0.758009708737864,0.0066496834758853025,0.3659010157835844
3.0,8,1.2275485436893203,0.010348544974096579,0.39360077151210626
3.0,10,1.8526699029126212,0.009816879839114487,0.41895502414603963
3.0,12,2.642961165048544,0.00929079331961546,0.4396103861784085
4.0,1,0.08834951456310682,0.0033567457287488867,0.26840665919568085
4.0,2,0.19162621359223306,0.004165012661345066,0.2745806655668148
4.0,3,0.31092233009708736,0.004889055938734936,0.27966309197554295
4.0,4,0.44575242718446606,0.006444079127091839,0.28299752256286603
4.0,5,0.6124999999999999,0.0068340494589650535,0.29115154628428874
4.0,6,0.8106796116504854,0.007340926394631459,0.299718362620085
4.0,8,1.3549757281553398,0.008933460249367413,0.32216307527102017
4.0,10,2.113228155339806,0.009791856452854505,0.34210909398066824
4.0,12,3.1157766990291256,0.013280352264697797,0.3578407834166193
6.0,1,0.09660194174757278,0.0033530488710978214,0.21304248669905945
6.0,2,0.19866504854368924,0.0037736566805088205,0.20496177424325168
6.0,3,0.32378640776699025,0.0038594683416066106,0.2071601408822253
6.0,4,0.4696601941747573,0.00491309647262933,0.20928523484022987
6.0,5,0.6466019417475728,0.006544639200575,0.21308213080450536
6.0,6,0.8686893203883496,0.0076387844371727485,0.21905773845491527
6.0,8,1.5019417475728154,0.009736801545397385,0.23452809037989875
6.0,10,2.434830097087379,0.014778968874068864,0.24800450978283592
6.0,12,3.70376213592233,0.016078415806668776,0.25705283817436914
8.0,1,0.09320388349514565,0.002188011657231133,0.1626483935662355
8.0,2,0.19611650485436896,0.004293766624770276,0.15903979038843818
8.0,3,0.32621359223300966,0.004296654161495276,0.16270737164037583
8.0,4,0.47633495145631066,0.005214285753119614,0.16436303146733833
8.0,5,0.658616504854369,0.008117710334720559,0.1668964655139426
8.0,6,0.8956310679611651,0.009009709839127385,0.17192068131008043
8.0,8,1.579126213592233,0.01315991620173547,0.18365641192791937
8.0,10,2.6179611650485435,0.015232649994954932,0.19373057127819404
8.0,12,4.0475728155339805,0.0186247549205378,0.19958482735154762
