elasticity,target,s_mean,s_min,s_max_batch,n_unattainable
0.3,0.02,0.5625,0.498046875,0.64453125,0
0.3,0.05,1.453125,1.435546875,1.494140625,0
0.3,0.1,3.0234375,2.958984375,3.076171875,0
0.3,0.2,6.626953125,6.62109375,6.650390625,0
0.5,0.02,0.369140625,0.3515625,0.380859375,0
0.5,0.05,0.890625,0.87890625,0.908203125,0
0.5,0.1,1.798828125,1.787109375,1.81640625,0
0.5,0.2,3.7734375,3.75,3.80859375,0
0.75,0.02,0.26953125,0.263671875,0.29296875,0
0.75,0.05,0.673828125,0.64453125,0.703125,0
0.75,0.1,1.318359375,1.2890625,1.34765625,0
0.75,0.2,2.630859375,2.607421875,2.666015625,0
1.0,0.02,0.240234375,0.234375,0.263671875,0
1.0,0.05,0.580078125,0.556640625,0.5859375,0
1.0,0.1,1.130859375,1.11328125,1.142578125,0
1.0,0.2,2.208984375,2.16796875,2.2265625,0
1.5,0.02,0.22265625,0.205078125,0.234375,0
1.5,0.05,0.52734375,0.52734375,0.52734375,0
1.5,0.1,1.025390625,1.025390625,1.025390625,0
1.5,0.2,1.9453125,1.93359375,1.962890625,0
2.0,0.02,0.228515625,0.205078125,0.234375,0
2.0,0.05,0.515625,0.46875,0.556640625,0
2.0,0.1,0.990234375,0.9375,1.025390625,0
2.0,0.2,1.83984375,1.7578125,1.875,0
3.0,0.02,0.216796875,0.205078125,0.234375,0
3.0,0.05,0.52734375,0.52734375,0.52734375,0
3.0,0.1,0.990234375,0.966796875,1.025390625,0
3.0,0.2,1.810546875,1.787109375,1.845703125,0
4.0,0.02,0.2109375,0.17578125,0.234375,0
4.0,0.05,0.515625,0.46875,0.556640625,0
4.0,0.1,0.978515625,0.9375,1.0546875,0
4.0,0.2,1.78125,1.728515625,1.81640625,0
6.0,0.02,0.234375,0.205078125,0.263671875,0
6.0,0.05,0.52734375,0.498046875,0.556640625,0
6.0,0.1,1.001953125,0.966796875,1.025390625,0
6.0,0.2,1.8046875,1.7578125,1.81640625,0
8.0,0.02,0.234375,0.234375,0.234375,0
8.0,0.05,0.556640625,0.52734375,0.5859375,0
8.0,0.1,1.001953125,0.966796875,1.025390625,0
8.0,0.2,1.81640625,1.7578125,1.845703125,0
