parameter,value,elasticity,s_star
horizon,10,0.3,2.958984375
horizon,10,0.5,1.904296875
horizon,10,1.0,1.46484375
horizon,10,2.0,1.2890625
horizon,10,4.0,1.259765625
horizon,10,8.0,1.259765625
horizon,20,0.3,3.076171875
horizon,20,0.5,1.787109375
horizon,20,1.0,1.142578125
horizon,20,2.0,0.99609375
horizon,20,4.0,0.99609375
horizon,20,8.0,1.025390625
horizon,40,0.3,2.9296875
horizon,40,0.5,1.81640625
horizon,40,1.0,1.0546875
horizon,40,2.0,0.849609375
horizon,40,4.0,0.849609375
horizon,40,8.0,0.9375
