elasticity,target,s_star,share_paid_anyway,cost_per_extra_resident
0.3,0.02,0.5625,0.9807890665291388,29.280201342281927
0.3,0.1,3.0234375,0.9025866160417656,31.037187880633407
0.3,0.2,6.626953125,0.8214015765036173,37.10532822891476
1.0,0.02,0.240234375,0.9732171668280092,8.969714796686796
1.0,0.1,1.130859375,0.881098451650599,9.51088855190418
1.0,0.2,2.208984375,0.7847014439963576,10.26009842333837
2.0,0.02,0.228515625,0.9649442755825735,6.518639360549129
2.0,0.1,0.990234375,0.850660950339407,6.630779941686605
2.0,0.2,1.83984375,0.7434816549570648,7.172367144704808
8.0,0.02,0.234375,0.9486640648453917,4.565515350877187
8.0,0.1,1.001953125,0.7965717166624654,4.925338348048328
8.0,0.2,1.81640625,0.6580591420241566,5.312047997868453
