case,elasticity,control_pop,s_star_initial,s_star_control
default,1,0.7320388349514564,1.142578125,0.849609375
default,2,0.5779126213592233,0.99609375,0.5859375
default,4,0.4577669902912621,0.99609375,0.46875
default,8,0.38349514563106796,1.025390625,0.439453125
tie strength 15,1,0.6257281553398059,1.142578125,0.703125
tie strength 15,2,0.4273058252427185,1.171875,0.52734375
tie strength 15,4,0.28264563106796114,1.435546875,0.46875
tie strength 15,8,0.21298543689320387,1.904296875,0.52734375
migration cost 6,1,0.7555825242718447,1.0546875,0.791015625
migration cost 6,2,0.5592233009708738,0.8203125,0.498046875
migration cost 6,4,0.3996359223300971,0.9375,0.41015625
migration cost 6,8,0.30728155339805824,0.99609375,0.3515625
5% reconsider,1,0.762378640776699,1.46484375,1.142578125
5% reconsider,2,0.6811893203883495,1.376953125,0.966796875
5% reconsider,4,0.6175970873786407,1.318359375,0.87890625
5% reconsider,8,0.5879854368932039,1.435546875,0.87890625
