state,period,net_domestic_migration
California,7/1/2010 to 6/30/2011,-51326
California,7/1/2011 to 6/30/2012,-41795
California,7/1/2012 to 6/30/2013,-53692
California,7/1/2013 to 6/30/2014,-46321
California,7/1/2014 to 6/30/2015,-79938
California,7/1/2015 to 6/30/2016,-122369
California,7/1/2016 to 6/30/2017,-137546
California,7/1/2017 to 6/30/2018,-155281
California,7/1/2018 to 6/30/2019,-203414
New York,7/1/2010 to 6/30/2011,-80582
New York,7/1/2011 to 6/30/2012,-108406
New York,7/1/2012 to 6/30/2013,-112483
New York,7/1/2013 to 6/30/2014,-145432
New York,7/1/2014 to 6/30/2015,-165857
New York,7/1/2015 to 6/30/2016,-194013
New York,7/1/2016 to 6/30/2017,-187910
New York,7/1/2017 to 6/30/2018,-181262
New York,7/1/2018 to 6/30/2019,-180649
Illinois,7/1/2010 to 6/30/2011,-64482
Illinois,7/1/2011 to 6/30/2012,-70886
Illinois,7/1/2012 to 6/30/2013,-67989
Illinois,7/1/2013 to 6/30/2014,-94721
Illinois,7/1/2014 to 6/30/2015,-107924
Illinois,7/1/2015 to 6/30/2016,-113179
Illinois,7/1/2016 to 6/30/2017,-114678
Illinois,7/1/2017 to 6/30/2018,-113699
Illinois,7/1/2018 to 6/30/2019,-104986
Ohio,7/1/2010 to 6/30/2011,-36491
Ohio,7/1/2011 to 6/30/2012,-39094
Ohio,7/1/2012 to 6/30/2013,-20099
Ohio,7/1/2013 to 6/30/2014,-21352
Ohio,7/1/2014 to 6/30/2015,-30255
Ohio,7/1/2015 to 6/30/2016,-28077
Ohio,7/1/2016 to 6/30/2017,-8334
Ohio,7/1/2017 to 6/30/2018,-12281
Ohio,7/1/2018 to 6/30/2019,-12916
Texas,7/1/2010 to 6/30/2011,120672
Texas,7/1/2011 to 6/30/2012,141740
Texas,7/1/2012 to 6/30/2013,107657
Texas,7/1/2013 to 6/30/2014,160260
Texas,7/1/2014 to 6/30/2015,172048
Texas,7/1/2015 to 6/30/2016,120910
Texas,7/1/2016 to 6/30/2017,84790
Texas,7/1/2017 to 6/30/2018,83795
Texas,7/1/2018 to 6/30/2019,125660
Florida,7/1/2010 to 6/30/2011,68593
Florida,7/1/2011 to 6/30/2012,103746
Florida,7/1/2012 to 6/30/2013,111585
Florida,7/1/2013 to 6/30/2014,147547
Florida,7/1/2014 to 6/30/2015,197401
Florida,7/1/2015 to 6/30/2016,216749
Florida,7/1/2016 to 6/30/2017,164257
Florida,7/1/2017 to 6/30/2018,135530
Florida,7/1/2018 to 6/30/2019,133910
Colorado,7/1/2010 to 6/30/2011,27250
Colorado,7/1/2011 to 6/30/2012,27722
Colorado,7/1/2012 to 6/30/2013,35709
Colorado,7/1/2013 to 6/30/2014,38947
Colorado,7/1/2014 to 6/30/2015,56554
Colorado,7/1/2015 to 6/30/2016,49084
Colorado,7/1/2016 to 6/30/2017,36612
Colorado,7/1/2017 to 6/30/2018,42539
Colorado,7/1/2018 to 6/30/2019,31335
North Carolina,7/1/2010 to 6/30/2011,32249
North Carolina,7/1/2011 to 6/30/2012,29492
North Carolina,7/1/2012 to 6/30/2013,39022
North Carolina,7/1/2013 to 6/30/2014,34379
North Carolina,7/1/2014 to 6/30/2015,44759
North Carolina,7/1/2015 to 6/30/2016,70958
North Carolina,7/1/2016 to 6/30/2017,64697
North Carolina,7/1/2017 to 6/30/2018,71915
North Carolina,7/1/2018 to 6/30/2019,67338
